{
  "seed": 0,
  "split": "DEV",
  "dataset": "california_housing",
  "test_n": 4128,
  "methods": {
    "deup": {
      "spearman": 0.5090254767317876,
      "unc_mean": 0.0631542871963915
    },
    "ensemble_disagreement": {
      "spearman": 0.45962140866462203,
      "unc_mean": 0.017414700356426036
    },
    "conformal_residual": {
      "spearman": 0.4468310729676652,
      "unc_mean": 0.33888994978284437
    },
    "laplace_bayesian_ridge": {
      "spearman": 0.014733426622989607,
      "unc_mean": 0.5241891979026926
    }
  }
}
