{
  "seed": 0,
  "split": "DEV",
  "dataset": "california_housing",
  "test_n": 4128,
  "methods": {
    "deup": {
      "spearman": 0.5082892313137847,
      "unc_mean": 0.06453458023402062
    },
    "ensemble_disagreement": {
      "spearman": 0.45962140866462203,
      "unc_mean": 0.017414700356426036
    },
    "conformal_residual": {
      "spearman": 0.4468310729676652,
      "unc_mean": 0.33888994978284437
    },
    "laplace_bayesian_ridge": {
      "spearman": 0.014733426622989607,
      "unc_mean": 0.5241891979026926
    },
    "deup_tabular_lgbm": {
      "spearman": 0.444291522290806,
      "unc_mean": 0.05085810577372555,
      "backend": "lgbm"
    },
    "deup_tabular_xgb": {
      "spearman": 0.39968065648781026,
      "unc_mean": 0.06729312900868381,
      "backend": "xgb"
    },
    "deup_tabular_catboost": {
      "spearman": 0.40703566492607585,
      "unc_mean": 0.06365132107589616,
      "backend": "catboost"
    }
  }
}
